name1,name2,relation
A先生,奥黛丽·霍尔,伙伴
A先生,戴里克·伯格,伙伴
A先生,克莱恩·莫雷蒂,伙伴
A先生,奥黛丽·霍尔,伙伴
A先生,克莱恩·莫雷蒂,伙伴
A先生,佛尔思·沃尔,伙伴
A先生,让·马丹,伙伴
A先生,休·迪尔查,伙伴
A先生,奥黛丽·霍尔,伙伴
A先生,佛尔思·沃尔,伙伴
A先生,休·迪尔查,伙伴
A先生,佛尔思·沃尔,伙伴
A先生,克莱恩·莫雷蒂,伙伴
A先生,让·马丹,伙伴
A先生,克莱恩·莫雷蒂,上级
X先生,让·马丹,伙伴
阿尔杰·威尔逊,克莱恩·莫雷蒂,敌对
阿尔杰·威尔逊,夏尔,伙伴
阿尔杰·威尔逊,戴里克·伯格,伙伴
阿尔杰·威尔逊,克莱恩·莫雷蒂,伙伴
阿尔杰·威尔逊,嘉德丽雅·古斯塔夫,伙伴
阿尔杰·威尔逊,奥黛丽·霍尔,伙伴
阿尔杰·威尔逊,奥黛丽·霍尔,伙伴
阿尔杰·威尔逊,佛尔思·沃尔,伙伴
阿尔杰·威尔逊,让·马丹,伙伴
阿尔杰·威尔逊,克莱恩·莫雷蒂,伙伴
阿尔杰·威尔逊,夏尔,伙伴
阿尔杰·威尔逊,克莱恩·莫雷蒂,伙伴
阿尔杰·威尔逊,嘉德丽雅·古斯塔夫,伙伴
阿尔杰·威尔逊,奥黛丽·霍尔,伙伴
阿尔杰·威尔逊,克莱恩·莫雷蒂,伙伴
阿尔杰·威尔逊,嘉德丽雅·古斯塔夫,伙伴
阿尔杰·威尔逊,克莱恩·莫雷蒂,伙伴
阿尔杰·威尔逊,奥黛丽·霍尔,伙伴
阿尔杰·威尔逊,夏尔,伙伴
阿尔杰·威尔逊,奥黛丽·霍尔,伙伴
阿尔杰·威尔逊,克莱恩·莫雷蒂,伙伴
阿尔杰·威尔逊,克莱恩·莫雷蒂,伙伴
阿尔杰·威尔逊,嘉德丽雅·古斯塔夫,伙伴
阿尔杰·威尔逊,让·马丹,伙伴
阿尔杰·威尔逊,克莱恩·莫雷蒂,伙伴
阿尔杰·威尔逊,让·马丹,伙伴
阿尔杰·威尔逊,克莱恩·莫雷蒂,伙伴
阿尔杰·威尔逊,克莱恩·莫雷蒂,伙伴
阿尔杰·威尔逊,克莱恩·莫雷蒂,伙伴
阿尔杰·威尔逊,奥黛丽·霍尔,伙伴
阿尔杰·威尔逊,路德维尔,伙伴
阿尔杰·威尔逊,克莱恩·莫雷蒂,伙伴
阿尔杰·威尔逊,让·马丹,伙伴
阿尔杰·威尔逊,让·马丹,上级
阿尔杰·威尔逊,克莱恩·莫雷蒂,上级
阿里安娜,克莱恩·莫雷蒂,伙伴
阿里安娜,克莱恩·莫雷蒂,伙伴
阿蒙,克莱恩·莫雷蒂,敌对
阿蒙,克莱恩·莫雷蒂,敌对
阿蒙,帕列斯·索罗亚斯德,敌对
阿蒙,克莱恩·莫雷蒂,敌对
阿蒙,让·马丹,敌对
阿蒙,伦纳德·米切尔,敌对
阿蒙,让·马丹,敌对
阿蒙,罗塞尔·古斯塔夫,敌对
阿蒙,克莱恩·莫雷蒂,敌对
阿蒙,纳斯特,敌对
阿蒙,克莱恩·莫雷蒂,敌对
阿蒙,乌洛琉斯,敌对
阿蒙,原初魔女,敌对
阿蒙,梅迪奇·索伦·埃因霍恩,伙伴
阿蒙,洛薇雅,伙伴
阿蒙,亚当,伙伴
阿蒙,伦纳德·米切尔,伙伴
阿蒙,安提哥努斯,伙伴
阿蒙,伦纳德·米切尔,伙伴
阿蒙,克莱恩·莫雷蒂,伙伴
阿蒙,克莱恩·莫雷蒂,伙伴
阿蒙,克莱恩·莫雷蒂,伙伴
阿蒙,克莱恩·莫雷蒂,伙伴
阿蒙,克莱恩·莫雷蒂,伙伴
阿蒙,奥黛丽·霍尔,伙伴
阿蒙,克莱恩·莫雷蒂,伙伴
阿蒙,克莱恩·莫雷蒂,伙伴
阿蒙,嘉德丽雅·古斯塔夫,伙伴
阿蒙,帕列斯·索罗亚斯德,上级
阿蒙,克莱恩·莫雷蒂,学生
阿兹克·艾格斯,路德维尔,敌对
阿兹克·艾格斯,克莱恩·莫雷蒂,敌对
阿兹克·艾格斯,齐林格斯,敌对
阿兹克·艾格斯,克莱恩·莫雷蒂,伙伴
阿兹克·艾格斯,克莱恩·莫雷蒂,伙伴
阿兹克·艾格斯,让·马丹,伙伴
阿兹克·艾格斯,克莱恩·莫雷蒂,伙伴
阿兹克·艾格斯,克莱恩·莫雷蒂,伙伴
阿兹克·艾格斯,克莱恩·莫雷蒂,伙伴
阿兹克·艾格斯,克莱恩·莫雷蒂,伙伴
阿兹克·艾格斯,克莱恩·莫雷蒂,伙伴
阿兹克·艾格斯,克莱恩·莫雷蒂,伙伴
阿兹克·艾格斯,克莱恩·莫雷蒂,伙伴
阿兹克·艾格斯,克莱恩·莫雷蒂,伙伴
阿兹克·艾格斯,克莱恩·莫雷蒂,伙伴
阿兹克·艾格斯,安提哥努斯,伙伴
阿兹克·艾格斯,克莱恩·莫雷蒂,伙伴
阿兹克·艾格斯,班森,伙伴
阿兹克·艾格斯,让·马丹,伙伴
阿兹克·艾格斯,克莱恩·莫雷蒂,伙伴
阿兹克·艾格斯,让·马丹,伙伴
阿兹克·艾格斯,克莱恩·莫雷蒂,伙伴
阿兹克·艾格斯,让·马丹,伙伴
阿兹克·艾格斯,齐林格斯,伙伴
阿兹克·艾格斯,克莱恩·莫雷蒂,伙伴
阿兹克·艾格斯,贝尔纳黛·古斯塔夫,伙伴
阿兹克·艾格斯,克莱恩·莫雷蒂,伙伴
阿兹克·艾格斯,查拉图,伙伴
阿兹克·艾格斯,克莱恩·莫雷蒂,伙伴
阿兹克·艾格斯,克莱恩·莫雷蒂,伙伴
阿兹克·艾格斯,让·马丹,伙伴
阿兹克·艾格斯,让·马丹,伙伴
阿兹克·艾格斯,克莱恩·莫雷蒂,上级
阿兹克·艾格斯,克莱恩·莫雷蒂,上级
艾弥留斯,克莱恩·莫雷蒂,伙伴
艾弥留斯,克莱恩·莫雷蒂,伙伴
艾弥留斯,克莱恩·莫雷蒂,伙伴
艾弥留斯,克莱恩·莫雷蒂,上级
艾弥留斯,克莱恩·莫雷蒂,上级
艾弥留斯,赫温·兰比斯,上级
艾弥留斯,赫温·兰比斯,上级
艾弥留斯,克莱恩·莫雷蒂,上级
艾斯·斯内克,吉尔希艾斯,伙伴
艾斯·斯内克,吉尔希艾斯,伙伴
艾斯·斯内克,让·马丹,伙伴
艾斯·斯内克,吉尔希艾斯,伙伴
艾斯·斯内克,克莱恩·莫雷蒂,伙伴
艾斯·斯内克,让·马丹,伙伴
艾斯·斯内克,吉尔希艾斯,伙伴
艾斯·斯内克,克莱恩·莫雷蒂,伙伴
艾辛格.斯坦顿,克莱恩·莫雷蒂,伙伴
艾辛格.斯坦顿,克莱恩·莫雷蒂,伙伴
艾辛格.斯坦顿,克莱恩·莫雷蒂,伙伴
艾辛格.斯坦顿,克莱恩·莫雷蒂,伙伴
艾辛格.斯坦顿,休·迪尔查,上级
爱德华兹,克莱恩·莫雷蒂,伙伴
爱德华兹,达尼兹,伙伴
爱德华兹,克莱恩·莫雷蒂,家人
安德森,克莱恩·莫雷蒂,敌对
安德森,让·马丹,敌对
安德森,不死之王,敌对
安德森,嘉德丽雅·古斯塔夫,伙伴
安德森,达尼兹,伙伴
安德森,克莱恩·莫雷蒂,伙伴
安德森,达尼兹,伙伴
安德森,克莱恩·莫雷蒂,伙伴
安德森,达尼兹,伙伴
安德森,克莱恩·莫雷蒂,伙伴
安德森,让·马丹,伙伴
安德森,克莱恩·莫雷蒂,伙伴
安德森,克莱恩·莫雷蒂,伙伴
安德森,达尼兹,伙伴
安德森,嘉德丽雅·古斯塔夫,伙伴
安德森,让·马丹,伙伴
安德森,克莱恩·莫雷蒂,伙伴
安德森,克莱恩·莫雷蒂,伙伴
安德森,克莱恩·莫雷蒂,伙伴
安德森,克莱恩·莫雷蒂,伙伴
安德森,达尼兹,伙伴
安德森,休·迪尔查,伙伴
安德森,克莱恩·莫雷蒂,伙伴
安德森,达尼兹,伙伴
安德森,达尼兹,伙伴
安德森,克莱恩·莫雷蒂,下级
安提哥努斯,兰尔乌斯,敌对
安提哥努斯,克莱恩·莫雷蒂,伙伴
安提哥努斯,克莱恩·莫雷蒂,伙伴
安提哥努斯,阿蒙,伙伴
安提哥努斯,邓恩·史密斯,伙伴
安提哥努斯,克莱恩·莫雷蒂,伙伴
安提哥努斯,克莱恩·莫雷蒂,伙伴
安提哥努斯,克莱恩·莫雷蒂,伙伴
安提哥努斯,阿兹克·艾格斯,伙伴
安提哥努斯,克莱恩·莫雷蒂,伙伴
安提哥努斯,让·马丹,伙伴
安提哥努斯,克莱恩·莫雷蒂,伙伴
安提哥努斯,亚当,上级
奥黛丽·霍尔,布提斯,敌对
奥黛丽·霍尔,克莱恩·莫雷蒂,敌对
奥黛丽·霍尔,海柔尔·马赫特,伙伴
奥黛丽·霍尔,苏茜,伙伴
奥黛丽·霍尔,让·马丹,伙伴
奥黛丽·霍尔,赫温·兰比斯,伙伴
奥黛丽·霍尔,克莱恩·莫雷蒂,伙伴
奥黛丽·霍尔,海柔尔·马赫特,伙伴
奥黛丽·霍尔,克莱恩·莫雷蒂,伙伴
奥黛丽·霍尔,克莱恩·莫雷蒂,伙伴
奥黛丽·霍尔,戴里克·伯格,伙伴
奥黛丽·霍尔,嘉德丽雅·古斯塔夫,伙伴
奥黛丽·霍尔,戴里克·伯格,伙伴
奥黛丽·霍尔,赫温·兰比斯,伙伴
奥黛丽·霍尔,让·马丹,伙伴
奥黛丽·霍尔,克莱恩·莫雷蒂,伙伴
奥黛丽·霍尔,克莱恩·莫雷蒂,伙伴
奥黛丽·霍尔,克莱恩·莫雷蒂,伙伴
奥黛丽·霍尔,阿尔杰·威尔逊,伙伴
奥黛丽·霍尔,佛尔思·沃尔,伙伴
奥黛丽·霍尔,克莱恩·莫雷蒂,伙伴
奥黛丽·霍尔,阿尔杰·威尔逊,伙伴
奥黛丽·霍尔,阿尔杰·威尔逊,伙伴
奥黛丽·霍尔,海柔尔·马赫特,伙伴
奥黛丽·霍尔,苏茜,伙伴
奥黛丽·霍尔,伦纳德·米切尔,伙伴
奥黛丽·霍尔,休·迪尔查,伙伴
奥黛丽·霍尔,让·马丹,伙伴
奥黛丽·霍尔,苏茜,伙伴
奥黛丽·霍尔,克莱恩·莫雷蒂,伙伴
奥黛丽·霍尔,让·马丹,伙伴
奥黛丽·霍尔,嘉德丽雅·古斯塔夫,伙伴
奥黛丽·霍尔,佛尔思·沃尔,伙伴
奥黛丽·霍尔,克莱恩·莫雷蒂,伙伴
奥黛丽·霍尔,克莱恩·莫雷蒂,伙伴
奥黛丽·霍尔,佛尔思·沃尔,伙伴
奥黛丽·霍尔,苏茜,伙伴
奥黛丽·霍尔,阿尔杰·威尔逊,伙伴
奥黛丽·霍尔,克莱恩·莫雷蒂,伙伴
奥黛丽·霍尔,让·马丹,伙伴
奥黛丽·霍尔,苏茜,伙伴
奥黛丽·霍尔,克莱恩·莫雷蒂,伙伴
奥黛丽·霍尔,让·马丹,伙伴
奥黛丽·霍尔,克莱恩·莫雷蒂,伙伴
奥黛丽·霍尔,A先生,伙伴
奥黛丽·霍尔,戴里克·伯格,伙伴
奥黛丽·霍尔,克莱恩·莫雷蒂,伙伴
奥黛丽·霍尔,佛尔思·沃尔,伙伴
奥黛丽·霍尔,休·迪尔查,伙伴
奥黛丽·霍尔,克莱恩·莫雷蒂,伙伴
奥黛丽·霍尔,让·马丹,伙伴
奥黛丽·霍尔,克莱恩·莫雷蒂,伙伴
奥黛丽·霍尔,苏茜,伙伴
奥黛丽·霍尔,克莱恩·莫雷蒂,伙伴
奥黛丽·霍尔,让·马丹,伙伴
奥黛丽·霍尔,克莱恩·莫雷蒂,伙伴
奥黛丽·霍尔,佛尔思·沃尔,伙伴
奥黛丽·霍尔,休·迪尔查,伙伴
奥黛丽·霍尔,A先生,伙伴
奥黛丽·霍尔,佛尔思·沃尔,伙伴
奥黛丽·霍尔,休·迪尔查,伙伴
奥黛丽·霍尔,克莱恩·莫雷蒂,伙伴
奥黛丽·霍尔,佛尔思·沃尔,伙伴
奥黛丽·霍尔,休·迪尔查,伙伴
奥黛丽·霍尔,佛尔思·沃尔,伙伴
奥黛丽·霍尔,克莱恩·莫雷蒂,伙伴
奥黛丽·霍尔,佛尔思·沃尔,伙伴
奥黛丽·霍尔,罗塞尔·古斯塔夫,伙伴
奥黛丽·霍尔,佛尔思·沃尔,伙伴
奥黛丽·霍尔,休·迪尔查,伙伴
奥黛丽·霍尔,让·马丹,伙伴
奥黛丽·霍尔,克莱恩·莫雷蒂,伙伴
奥黛丽·霍尔,阿蒙,伙伴
奥黛丽·霍尔,苏茜,伙伴
奥黛丽·霍尔,让·马丹,伙伴
奥黛丽·霍尔,佛尔思·沃尔,伙伴
奥黛丽·霍尔,苏茜,伙伴
奥黛丽·霍尔,戴里克·伯格,伙伴
奥黛丽·霍尔,阿尔杰·威尔逊,伙伴
奥黛丽·霍尔,克莱恩·莫雷蒂,伙伴
奥黛丽·霍尔,嘉德丽雅·古斯塔夫,家人
奥黛丽·霍尔,艾弥留斯,上级
奥黛丽·霍尔,克莱恩·莫雷蒂,上级
奥黛丽·霍尔,苏茜,学生
班森,梅丽莎,爱慕
班森,梅丽莎,爱慕
班森,克莱恩·莫雷蒂,伙伴
班森,梅丽莎,伙伴
班森,梅丽莎,伙伴
班森,克莱恩·莫雷蒂,伙伴
班森,让·马丹,伙伴
班森,梅丽莎,伙伴
班森,克莱恩·莫雷蒂,伙伴
班森,梅丽莎,伙伴
班森,克莱恩·莫雷蒂,伙伴
班森,梅丽莎,伙伴
班森,梅丽莎,伙伴
班森,克莱恩·莫雷蒂,伙伴
班森,阿兹克·艾格斯,伙伴
班森,让·马丹,伙伴
班森,梅丽莎,家人
班森,梅丽莎,家人
班森,克莱恩·莫雷蒂,家人
贝尔纳黛·古斯塔夫,克莱恩·莫雷蒂,伙伴
贝尔纳黛·古斯塔夫,弗兰克·李,伙伴
贝尔纳黛·古斯塔夫,克莱恩·莫雷蒂,伙伴
贝尔纳黛·古斯塔夫,罗塞尔·古斯塔夫,伙伴
贝尔纳黛·古斯塔夫,阿兹克·艾格斯,伙伴
贝尔纳黛·古斯塔夫,克莱恩·莫雷蒂,伙伴
贝尔纳黛·古斯塔夫,查拉图,伙伴
贝尔纳黛·古斯塔夫,克莱恩·莫雷蒂,伙伴
贝尔纳黛·古斯塔夫,克莱恩·莫雷蒂,伙伴
贝尔纳黛·古斯塔夫,嘉德丽雅·古斯塔夫,家人
贝尔纳黛·古斯塔夫,罗塞尔·古斯塔夫,家人
贝尔纳黛·古斯塔夫,嘉德丽雅·古斯塔夫,家人
贝尔纳黛·古斯塔夫,嘉德丽雅·古斯塔夫,家人
被缚之神,斯厄阿,家人
博诺瓦·古斯塔夫,罗塞尔·古斯塔夫,家人
不死之王,安德森,敌对
不死之王,克莱恩·莫雷蒂,敌对
不死之王,克莱恩·莫雷蒂,敌对
不死之王,克莱恩·莫雷蒂,伙伴
不死之王,艾斯·斯内克,伙伴
不死之王,让·马丹,伙伴
不死之王,让·马丹,上级
布提斯,克斯玛,伙伴
布提斯,奥黛丽·霍尔,伙伴
布提斯,嘉德丽雅·古斯塔夫,伙伴
查拉图,克莱恩·莫雷蒂,敌对
查拉图,阿蒙,敌对
查拉图,克莱恩·莫雷蒂,伙伴
查拉图,奥黛丽·霍尔,伙伴
查拉图,克莱恩·莫雷蒂,伙伴
查拉图,阿兹克·艾格斯,伙伴
查拉图,贝尔纳黛·古斯塔夫,伙伴
查拉图,克莱恩·莫雷蒂,伙伴
查拉图,让·马丹,伙伴
查拉图,克莱恩·莫雷蒂,上级
达尼兹,安德森,伙伴
达尼兹,克莱恩·莫雷蒂,伙伴
达尼兹,安德森,伙伴
达尼兹,克莱恩·莫雷蒂,伙伴
达尼兹,克莱恩·莫雷蒂,伙伴
达尼兹,安德森,伙伴
达尼兹,阿尔杰·威尔逊,伙伴
达尼兹,安德森,伙伴
达尼兹,让·马丹,伙伴
达尼兹,阿兹克·艾格斯,伙伴
达尼兹,克莱恩·莫雷蒂,伙伴
达尼兹,安德森,伙伴
达尼兹,安德森,伙伴
达尼兹,克莱恩·莫雷蒂,伙伴
达尼兹,克莱恩·莫雷蒂,伙伴
达尼兹,克莱恩·莫雷蒂,伙伴
达尼兹,克莱恩·莫雷蒂,伙伴
达尼兹,克莱恩·莫雷蒂,伙伴
达尼兹,克莱恩·莫雷蒂,伙伴
达尼兹,克莱恩·莫雷蒂,伙伴
达尼兹,让·马丹,伙伴
达尼兹,克莱恩·莫雷蒂,伙伴
达尼兹,克莱恩·莫雷蒂,伙伴
达尼兹,克莱恩·莫雷蒂,伙伴
达尼兹,克莱恩·莫雷蒂,伙伴
达尼兹,纳斯特,伙伴
达尼兹,克莱恩·莫雷蒂,伙伴
达尼兹,克莱恩·莫雷蒂,伙伴
达尼兹,安德森,伙伴
达尼兹,休·迪尔查,伙伴
达尼兹,让·马丹,伙伴
达尼兹,克莱恩·莫雷蒂,伙伴
达尼兹,爱德华兹,伙伴
达尼兹,安德森,伙伴
达尼兹,安德森,伙伴
达尼兹,克莱恩·莫雷蒂,伙伴
达尼兹,克莱恩·莫雷蒂,上级
戴里克·伯格,让·马丹,敌对
戴里克·伯格,科林·伊利亚特,敌对
戴里克·伯格,科林·伊利亚特,伙伴
戴里克·伯格,克莱恩·莫雷蒂,伙伴
戴里克·伯格,克莱恩·莫雷蒂,伙伴
戴里克·伯格,科林·伊利亚特,伙伴
戴里克·伯格,奥黛丽·霍尔,伙伴
戴里克·伯格,科林·伊利亚特,伙伴
戴里克·伯格,克莱恩·莫雷蒂,伙伴
戴里克·伯格,科林·伊利亚特,伙伴
戴里克·伯格,让·马丹,伙伴
戴里克·伯格,科林·伊利亚特,伙伴
戴里克·伯格,科林·伊利亚特,伙伴
戴里克·伯格,奥黛丽·霍尔,伙伴
戴里克·伯格,克莱恩·莫雷蒂,伙伴
戴里克·伯格,克莱恩·莫雷蒂,伙伴
戴里克·伯格,克莱恩·莫雷蒂,伙伴
戴里克·伯格,A先生,伙伴
戴里克·伯格,奥黛丽·霍尔,伙伴
戴里克·伯格,克莱恩·莫雷蒂,伙伴
戴里克·伯格,阿尔杰·威尔逊,伙伴
戴里克·伯格,克莱恩·莫雷蒂,伙伴
戴里克·伯格,让·马丹,伙伴
戴里克·伯格,科林·伊利亚特,伙伴
戴里克·伯格,洛薇雅,伙伴
戴里克·伯格,奥黛丽·霍尔,伙伴
戴里克·伯格,科林·伊利亚特,伙伴
戴里克·伯格,休·迪尔查,伙伴
戴里克·伯格,让·马丹,伙伴
戴里克·伯格,科林·伊利亚特,伙伴
戴里克·伯格,克莱恩·莫雷蒂,伙伴
戴里克·伯格,阿尔杰·威尔逊,伙伴
戴里克·伯格,莎伦,伙伴
戴里克·伯格,克莱恩·莫雷蒂,伙伴
戴里克·伯格,嘉德丽雅·古斯塔夫,家人
戴里克·伯格,洛薇雅,上级
戴里克·伯格,科林·伊利亚特,上级
戴莉·西蒙尼,克莱恩·莫雷蒂,爱慕
戴莉·西蒙尼,伦纳德·米切尔,敌对
戴莉·西蒙尼,路德维尔,敌对
戴莉·西蒙尼,伦纳德·米切尔,伙伴
戴莉·西蒙尼,克莱恩·莫雷蒂,伙伴
戴莉·西蒙尼,克莱恩·莫雷蒂,伙伴
戴莉·西蒙尼,克莱恩·莫雷蒂,伙伴
戴莉·西蒙尼,伦纳德·米切尔,伙伴
戴莉·西蒙尼,克莱恩·莫雷蒂,伙伴
戴莉·西蒙尼,让·马丹,伙伴
戴莉·西蒙尼,伦纳德·米切尔,伙伴
戴莉·西蒙尼,蕾妮特·缇妮科尔,伙伴
戴莉·西蒙尼,克莱恩·莫雷蒂,上级
邓恩·史密斯,戴莉·西蒙尼,爱慕
邓恩·史密斯,克莱恩·莫雷蒂,伙伴
邓恩·史密斯,老尼尔,伙伴
邓恩·史密斯,克莱恩·莫雷蒂,伙伴
邓恩·史密斯,克莱恩·莫雷蒂,伙伴
邓恩·史密斯,克莱恩·莫雷蒂,伙伴
邓恩·史密斯,让·马丹,伙伴
邓恩·史密斯,克莱恩·莫雷蒂,伙伴
邓恩·史密斯,克莱恩·莫雷蒂,伙伴
邓恩·史密斯,兰尔乌斯,伙伴
邓恩·史密斯,让·马丹,伙伴
邓恩·史密斯,克莱恩·莫雷蒂,伙伴
邓恩·史密斯,让·马丹,伙伴
邓恩·史密斯,克莱恩·莫雷蒂,伙伴
邓恩·史密斯,伦纳德·米切尔,伙伴
邓恩·史密斯,克莱恩·莫雷蒂,伙伴
邓恩·史密斯,让·马丹,伙伴
邓恩·史密斯,休·迪尔查,伙伴
邓恩·史密斯,克莱恩·莫雷蒂,伙伴
邓恩·史密斯,克莱恩·莫雷蒂,伙伴
邓恩·史密斯,原初魔女,伙伴
邓恩·史密斯,克莱恩·莫雷蒂,老师
邓恩·史密斯,克莱恩·莫雷蒂,上级
邓恩·史密斯,克莱恩·莫雷蒂,上级
邓恩·史密斯,克莱恩·莫雷蒂,上级
邓恩·史密斯,克莱恩·莫雷蒂,上级
邓恩·史密斯,老尼尔,上级
邓恩·史密斯,让·马丹,上级
邓恩·史密斯,克莱恩·莫雷蒂,上级
邓恩·史密斯,克莱恩·莫雷蒂,上级
邓恩·史密斯,兰尔乌斯,上级
邓恩·史密斯,克莱恩·莫雷蒂,上级
邓恩·史密斯,克莱恩·莫雷蒂,上级
邓恩·史密斯,克莱恩·莫雷蒂,上级
邓恩·史密斯,让·马丹,上级
邓恩·史密斯,克莱恩·莫雷蒂,上级
邓恩·史密斯,克莱恩·莫雷蒂,上级
邓恩·史密斯,克莱恩·莫雷蒂,上级
恩尤尼,克莱恩·莫雷蒂,敌对
恩尤尼,让·马丹,伙伴
恩尤尼,克莱恩·莫雷蒂,伙伴
恩尤尼,科林·伊利亚特,伙伴
恩尤尼,克莱恩·莫雷蒂,伙伴
恩尤尼,克莱恩·莫雷蒂,伙伴
恩尤尼,克莱恩·莫雷蒂,伙伴
恩尤尼,克莱恩·莫雷蒂,伙伴
恩尤尼,克莱恩·莫雷蒂,伙伴
弗兰克·李,嘉德丽雅·古斯塔夫,伙伴
弗兰克·李,克莱恩·莫雷蒂,伙伴
弗兰克·李,嘉德丽雅·古斯塔夫,伙伴
弗兰克·李,贝尔纳黛·古斯塔夫,伙伴
弗兰克·李,克莱恩·莫雷蒂,伙伴
佛尔思·沃尔,克莱恩·莫雷蒂,敌对
佛尔思·沃尔,克莱恩·莫雷蒂,敌对
佛尔思·沃尔,休·迪尔查,敌对
佛尔思·沃尔,休·迪尔查,敌对
佛尔思·沃尔,奥黛丽·霍尔,伙伴
佛尔思·沃尔,克莱恩·莫雷蒂,伙伴
佛尔思·沃尔,休·迪尔查,伙伴
佛尔思·沃尔,克莱恩·莫雷蒂,伙伴
佛尔思·沃尔,克莱恩·莫雷蒂,伙伴
佛尔思·沃尔,罗塞尔·古斯塔夫,伙伴
佛尔思·沃尔,休·迪尔查,伙伴
佛尔思·沃尔,克莱恩·莫雷蒂,伙伴
佛尔思·沃尔,奥黛丽·霍尔,伙伴
佛尔思·沃尔,休·迪尔查,伙伴
佛尔思·沃尔,奥黛丽·霍尔,伙伴
佛尔思·沃尔,苏茜,伙伴
佛尔思·沃尔,休·迪尔查,伙伴
佛尔思·沃尔,休·迪尔查,伙伴
佛尔思·沃尔,阿尔杰·威尔逊,伙伴
佛尔思·沃尔,休·迪尔查,伙伴
佛尔思·沃尔,休·迪尔查,伙伴
佛尔思·沃尔,休·迪尔查,伙伴
佛尔思·沃尔,休·迪尔查,伙伴
佛尔思·沃尔,休·迪尔查,伙伴
佛尔思·沃尔,嘉德丽雅·古斯塔夫,伙伴
佛尔思·沃尔,克莱恩·莫雷蒂,伙伴
佛尔思·沃尔,休·迪尔查,伙伴
佛尔思·沃尔,休·迪尔查,伙伴
佛尔思·沃尔,休·迪尔查,伙伴
佛尔思·沃尔,休·迪尔查,伙伴
佛尔思·沃尔,奥黛丽·霍尔,伙伴
佛尔思·沃尔,奥黛丽·霍尔,伙伴
佛尔思·沃尔,休·迪尔查,伙伴
佛尔思·沃尔,休·迪尔查,伙伴
佛尔思·沃尔,奥黛丽·霍尔,伙伴
佛尔思·沃尔,克莱恩·莫雷蒂,伙伴
佛尔思·沃尔,休·迪尔查,伙伴
佛尔思·沃尔,A先生,伙伴
佛尔思·沃尔,奥黛丽·霍尔,伙伴
佛尔思·沃尔,休·迪尔查,伙伴
佛尔思·沃尔,奥黛丽·霍尔,伙伴
佛尔思·沃尔,克莱恩·莫雷蒂,伙伴
佛尔思·沃尔,休·迪尔查,伙伴
佛尔思·沃尔,奥黛丽·霍尔,伙伴
佛尔思·沃尔,休·迪尔查,伙伴
佛尔思·沃尔,奥黛丽·霍尔,伙伴
佛尔思·沃尔,克莱恩·莫雷蒂,伙伴
佛尔思·沃尔,奥黛丽·霍尔,伙伴
佛尔思·沃尔,休·迪尔查,伙伴
佛尔思·沃尔,休·迪尔查,伙伴
佛尔思·沃尔,让·马丹,伙伴
佛尔思·沃尔,奥黛丽·霍尔,伙伴
佛尔思·沃尔,让·马丹,伙伴
佛尔思·沃尔,让·马丹,伙伴
佛尔思·沃尔,克莱恩·莫雷蒂,伙伴
佛尔思·沃尔,休·迪尔查,伙伴
佛尔思·沃尔,休·迪尔查,伙伴
佛尔思·沃尔,休·迪尔查,伙伴
佛尔思·沃尔,克莱恩·莫雷蒂,伙伴
佛尔思·沃尔,休·迪尔查,伙伴
佛尔思·沃尔,休·迪尔查,伙伴
佛尔思·沃尔,休·迪尔查,伙伴
佛尔思·沃尔,休·迪尔查,伙伴
佛尔思·沃尔,休·迪尔查,家人
佛尔思·沃尔,休·迪尔查,家人
佛尔思·沃尔,休·迪尔查,上级
佛尔思·沃尔,休·迪尔查,上级
佛尔思·沃尔,克莱恩·莫雷蒂,学生
佛尔思·沃尔,蒸汽与机械之神,学生
海柔尔·马赫特,奥黛丽·霍尔,伙伴
海柔尔·马赫特,奥黛丽·霍尔,伙伴
海柔尔·马赫特,克莱恩·莫雷蒂,伙伴
海柔尔·马赫特,克莱恩·莫雷蒂,伙伴
海柔尔·马赫特,克莱恩·莫雷蒂,伙伴
海柔尔·马赫特,特莉丝,伙伴
赫拉伯根,巴德海尔,伙伴
赫密斯,克莱恩·莫雷蒂,伙伴
赫密斯,克莱恩·莫雷蒂,伙伴
赫密斯,克莱恩·莫雷蒂,上级
赫温·兰比斯,克莱恩·莫雷蒂,敌对
赫温·兰比斯,奥黛丽·霍尔,伙伴
赫温·兰比斯,奥黛丽·霍尔,伙伴
赫温·兰比斯,佛尔思·沃尔,伙伴
赫温·兰比斯,奥黛丽·霍尔,伙伴
赫温·兰比斯,艾弥留斯,上级
赫温·兰比斯,艾弥留斯,上级
黑座之王,克莱恩·莫雷蒂,敌对
吉尔希艾斯,克莱恩·莫雷蒂,伙伴
吉尔希艾斯,艾斯·斯内克,伙伴
吉尔希艾斯,让·马丹,伙伴
吉尔希艾斯,艾斯·斯内克,伙伴
吉尔希艾斯,艾斯·斯内克,伙伴
吉尔希艾斯,让·马丹,伙伴
吉尔希艾斯,艾斯·斯内克,伙伴
吉尔希艾斯,克莱恩·莫雷蒂,伙伴
吉尔希艾斯,让·马丹,伙伴
嘉德丽雅·古斯塔夫,阿尔杰·威尔逊,伙伴
嘉德丽雅·古斯塔夫,克莱恩·莫雷蒂,伙伴
嘉德丽雅·古斯塔夫,阿尔杰·威尔逊,伙伴
嘉德丽雅·古斯塔夫,克莱恩·莫雷蒂,伙伴
嘉德丽雅·古斯塔夫,让·马丹,伙伴
嘉德丽雅·古斯塔夫,克莱恩·莫雷蒂,伙伴
嘉德丽雅·古斯塔夫,阿尔杰·威尔逊,伙伴
嘉德丽雅·古斯塔夫,克莱恩·莫雷蒂,伙伴
嘉德丽雅·古斯塔夫,弗兰克·李,伙伴
嘉德丽雅·古斯塔夫,弗兰克·李,伙伴
嘉德丽雅·古斯塔夫,奥黛丽·霍尔,伙伴
嘉德丽雅·古斯塔夫,佛尔思·沃尔,伙伴
嘉德丽雅·古斯塔夫,安德森,伙伴
嘉德丽雅·古斯塔夫,克莱恩·莫雷蒂,伙伴
嘉德丽雅·古斯塔夫,阿尔杰·威尔逊,伙伴
嘉德丽雅·古斯塔夫,让·马丹,伙伴
嘉德丽雅·古斯塔夫,克莱恩·莫雷蒂,伙伴
嘉德丽雅·古斯塔夫,克莱恩·莫雷蒂,伙伴
嘉德丽雅·古斯塔夫,贝尔纳黛·古斯塔夫,伙伴
嘉德丽雅·古斯塔夫,血之上将,伙伴
嘉德丽雅·古斯塔夫,克莱恩·莫雷蒂,伙伴
嘉德丽雅·古斯塔夫,阿蒙,伙伴
嘉德丽雅·古斯塔夫,阿尔杰·威尔逊,伙伴
嘉德丽雅·古斯塔夫,贝尔纳黛·古斯塔夫,家人
嘉德丽雅·古斯塔夫,罗塞尔·古斯塔夫,家人
嘉德丽雅·古斯塔夫,贝尔纳黛·古斯塔夫,家人
嘉德丽雅·古斯塔夫,奥黛丽·霍尔,家人
嘉德丽雅·古斯塔夫,罗塞尔·古斯塔夫,家人
嘉德丽雅·古斯塔夫,贝尔纳黛·古斯塔夫,家人
嘉德丽雅·古斯塔夫,罗塞尔·古斯塔夫,家人
嘉德丽雅·古斯塔夫,奥黛丽·霍尔,家人
嘉德丽雅·古斯塔夫,隐匿贤者,学生
杰克斯,克莱恩·莫雷蒂,伙伴
卡拉曼,克莱恩·莫雷蒂,伙伴
科林·伊利亚特,克莱恩·莫雷蒂,伙伴
科林·伊利亚特,戴里克·伯格,伙伴
科林·伊利亚特,戴里克·伯格,伙伴
科林·伊利亚特,让·马丹,伙伴
科林·伊利亚特,戴里克·伯格,伙伴
科林·伊利亚特,克莱恩·莫雷蒂,伙伴
科林·伊利亚特,克莱恩·莫雷蒂,伙伴
科林·伊利亚特,戴里克·伯格,伙伴
科林·伊利亚特,戴里克·伯格,伙伴
科林·伊利亚特,洛薇雅,伙伴
科林·伊利亚特,克莱恩·莫雷蒂,伙伴
科林·伊利亚特,戴里克·伯格,伙伴
科林·伊利亚特,戴里克·伯格,伙伴
科林·伊利亚特,休·迪尔查,伙伴
科林·伊利亚特,戴里克·伯格,伙伴
科林·伊利亚特,洛薇雅,上级
克莱恩·莫雷蒂,戴莉·西蒙尼,爱慕
克莱恩·莫雷蒂,让·马丹,爱慕
克莱恩·莫雷蒂,让·马丹,爱慕
克莱恩·莫雷蒂,赫温·兰比斯,敌对
克莱恩·莫雷蒂,阿兹克·艾格斯,敌对
克莱恩·莫雷蒂,亚恩·考特曼,敌对
克莱恩·莫雷蒂,路德维尔,敌对
克莱恩·莫雷蒂,血之上将,敌对
克莱恩·莫雷蒂,阿蒙,敌对
克莱恩·莫雷蒂,A先生,敌对
克莱恩·莫雷蒂,不死之王,敌对
克莱恩·莫雷蒂,阿蒙,敌对
克莱恩·莫雷蒂,兰尔乌斯,敌对
克莱恩·莫雷蒂,阿蒙,敌对
克莱恩·莫雷蒂,阿蒙,敌对
克莱恩·莫雷蒂,让·马丹,敌对
克莱恩·莫雷蒂,让·马丹,敌对
克莱恩·莫雷蒂,赫温·兰比斯,敌对
克莱恩·莫雷蒂,特莉丝,敌对
克莱恩·莫雷蒂,血之上将,敌对
克莱恩·莫雷蒂,不死之王,敌对
克莱恩·莫雷蒂,查拉图,敌对
克莱恩·莫雷蒂,黑座之王,敌对
克莱恩·莫雷蒂,阿蒙,敌对
克莱恩·莫雷蒂,阿蒙,敌对
克莱恩·莫雷蒂,阿蒙,敌对
克莱恩·莫雷蒂,阿尔杰·威尔逊,敌对
克莱恩·莫雷蒂,奥黛丽·霍尔,敌对
克莱恩·莫雷蒂,兰尔乌斯,敌对
克莱恩·莫雷蒂,让·马丹,敌对
克莱恩·莫雷蒂,阿蒙,敌对
克莱恩·莫雷蒂,乌洛琉斯,敌对
克莱恩·莫雷蒂,原初魔女,敌对
克莱恩·莫雷蒂,老尼尔,伙伴
克莱恩·莫雷蒂,恩尤尼,伙伴
克莱恩·莫雷蒂,伦纳德·米切尔,伙伴
克莱恩·莫雷蒂,戴莉·西蒙尼,伙伴
克莱恩·莫雷蒂,海柔尔·马赫特,伙伴
克莱恩·莫雷蒂,莎伦,伙伴
克莱恩·莫雷蒂,戴里克·伯格,伙伴
克莱恩·莫雷蒂,奥黛丽·霍尔,伙伴
克莱恩·莫雷蒂,达尼兹,伙伴
克莱恩·莫雷蒂,伦纳德·米切尔,伙伴
克莱恩·莫雷蒂,佛尔思·沃尔,伙伴
克莱恩·莫雷蒂,让·马丹,伙伴
克莱恩·莫雷蒂,奥黛丽·霍尔,伙伴
克莱恩·莫雷蒂,伦纳德·米切尔,伙伴
克莱恩·莫雷蒂,戴里克·伯格,伙伴
克莱恩·莫雷蒂,戴莉·西蒙尼,伙伴
克莱恩·莫雷蒂,佛尔思·沃尔,伙伴
克莱恩·莫雷蒂,海柔尔·马赫特,伙伴
克莱恩·莫雷蒂,阿尔杰·威尔逊,伙伴
克莱恩·莫雷蒂,亚当,伙伴
克莱恩·莫雷蒂,达尼兹,伙伴
克莱恩·莫雷蒂,邓恩·史密斯,伙伴
克莱恩·莫雷蒂,让·马丹,伙伴
克莱恩·莫雷蒂,蕾妮特·缇妮科尔,伙伴
克莱恩·莫雷蒂,蕾妮特·缇妮科尔,伙伴
克莱恩·莫雷蒂,班森,伙伴
克莱恩·莫雷蒂,戴里克·伯格,伙伴
克莱恩·莫雷蒂,洛薇雅,伙伴
克莱恩·莫雷蒂,让·马丹,伙伴
克莱恩·莫雷蒂,阿蒙,伙伴
克莱恩·莫雷蒂,让·马丹,伙伴
克莱恩·莫雷蒂,梅迪奇·索伦·埃因霍恩,伙伴
克莱恩·莫雷蒂,阿尔杰·威尔逊,伙伴
克莱恩·莫雷蒂,查拉图,伙伴
克莱恩·莫雷蒂,帕特里克·布雷恩,伙伴
克莱恩·莫雷蒂,佛尔思·沃尔,伙伴
克莱恩·莫雷蒂,阿兹克·艾格斯,伙伴
克莱恩·莫雷蒂,伦纳德·米切尔,伙伴
克莱恩·莫雷蒂,艾弥留斯,伙伴
克莱恩·莫雷蒂,达尼兹,伙伴
克莱恩·莫雷蒂,恩尤尼,伙伴
克莱恩·莫雷蒂,恩尤尼,伙伴
克莱恩·莫雷蒂,让·马丹,伙伴
克莱恩·莫雷蒂,奥黛丽·霍尔,伙伴
克莱恩·莫雷蒂,让·马丹,伙伴
克莱恩·莫雷蒂,戴莉·西蒙尼,伙伴
克莱恩·莫雷蒂,奥黛丽·霍尔,伙伴
克莱恩·莫雷蒂,达尼兹,伙伴
克莱恩·莫雷蒂,艾斯·斯内克,伙伴
克莱恩·莫雷蒂,杰克斯,伙伴
克莱恩·莫雷蒂,阿兹克·艾格斯,伙伴
克莱恩·莫雷蒂,恩尤尼,伙伴
克莱恩·莫雷蒂,邓恩·史密斯,伙伴
克莱恩·莫雷蒂,戴里克·伯格,伙伴
克莱恩·莫雷蒂,戴里克·伯格,伙伴
克莱恩·莫雷蒂,邓恩·史密斯,伙伴
克莱恩·莫雷蒂,奥黛丽·霍尔,伙伴
克莱恩·莫雷蒂,安德森,伙伴
克莱恩·莫雷蒂,邓恩·史密斯,伙伴
克莱恩·莫雷蒂,让·马丹,伙伴
克莱恩·莫雷蒂,嘉德丽雅·古斯塔夫,伙伴
克莱恩·莫雷蒂,阿尔杰·威尔逊,伙伴
克莱恩·莫雷蒂,佛尔思·沃尔,伙伴
克莱恩·莫雷蒂,邓恩·史密斯,伙伴
克莱恩·莫雷蒂,查拉图,伙伴
克莱恩·莫雷蒂,让·马丹,伙伴
克莱恩·莫雷蒂,科林·伊利亚特,伙伴
克莱恩·莫雷蒂,奥黛丽·霍尔,伙伴
克莱恩·莫雷蒂,贝尔纳黛·古斯塔夫,伙伴
克莱恩·莫雷蒂,奥黛丽·霍尔,伙伴
克莱恩·莫雷蒂,让·马丹,伙伴
克莱恩·莫雷蒂,奥黛丽·霍尔,伙伴
克莱恩·莫雷蒂,让·马丹,伙伴
克莱恩·莫雷蒂,老尼尔,伙伴
克莱恩·莫雷蒂,阿兹克·艾格斯,伙伴
克莱恩·莫雷蒂,伦纳德·米切尔,伙伴
克莱恩·莫雷蒂,罗塞尔·古斯塔夫,伙伴
克莱恩·莫雷蒂,亚当,伙伴
克莱恩·莫雷蒂,蕾妮特·缇妮科尔,伙伴
克莱恩·莫雷蒂,佛尔思·沃尔,伙伴
克莱恩·莫雷蒂,嘉德丽雅·古斯塔夫,伙伴
克莱恩·莫雷蒂,让·马丹,伙伴
克莱恩·莫雷蒂,苏茜,伙伴
克莱恩·莫雷蒂,奥黛丽·霍尔,伙伴
克莱恩·莫雷蒂,嘉德丽雅·古斯塔夫,伙伴
克莱恩·莫雷蒂,达尼兹,伙伴
克莱恩·莫雷蒂,莎伦,伙伴
克莱恩·莫雷蒂,让·马丹,伙伴
克莱恩·莫雷蒂,邓恩·史密斯,伙伴
克莱恩·莫雷蒂,达尼兹,伙伴
克莱恩·莫雷蒂,血之上将,伙伴
克莱恩·莫雷蒂,恩尤尼,伙伴
克莱恩·莫雷蒂,奥黛丽·霍尔,伙伴
克莱恩·莫雷蒂,罗塞尔·古斯塔夫,伙伴
克莱恩·莫雷蒂,让·马丹,伙伴
克莱恩·莫雷蒂,让·马丹,伙伴
克莱恩·莫雷蒂,安提哥努斯,伙伴
克莱恩·莫雷蒂,麦哈姆斯,伙伴
克莱恩·莫雷蒂,安德森,伙伴
克莱恩·莫雷蒂,莎伦,伙伴
克莱恩·莫雷蒂,佛尔思·沃尔,伙伴
克莱恩·莫雷蒂,伦纳德·米切尔,伙伴
克莱恩·莫雷蒂,奥黛丽·霍尔,伙伴
克莱恩·莫雷蒂,弗兰克·李,伙伴
克莱恩·莫雷蒂,佛尔思·沃尔,伙伴
克莱恩·莫雷蒂,奥黛丽·霍尔,伙伴
克莱恩·莫雷蒂,奥黛丽·霍尔,伙伴
克莱恩·莫雷蒂,阿蒙,伙伴
克莱恩·莫雷蒂,阿兹克·艾格斯,伙伴
克莱恩·莫雷蒂,邓恩·史密斯,伙伴
克莱恩·莫雷蒂,戴里克·伯格,伙伴
克莱恩·莫雷蒂,奥黛丽·霍尔,伙伴
克莱恩·莫雷蒂,吉尔希艾斯,伙伴
克莱恩·莫雷蒂,戴莉·西蒙尼,伙伴
克莱恩·莫雷蒂,伦纳德·米切尔,伙伴
克莱恩·莫雷蒂,让·马丹,伙伴
克莱恩·莫雷蒂,阿尔杰·威尔逊,伙伴
克莱恩·莫雷蒂,蕾妮特·缇妮科尔,伙伴
克莱恩·莫雷蒂,伦纳德·米切尔,伙伴
克莱恩·莫雷蒂,艾弥留斯,伙伴
克莱恩·莫雷蒂,弗兰克·李,伙伴
克莱恩·莫雷蒂,伦纳德·米切尔,伙伴
克莱恩·莫雷蒂,弗兰克·李,伙伴
克莱恩·莫雷蒂,阿兹克·艾格斯,伙伴
克莱恩·莫雷蒂,阿兹克·艾格斯,伙伴
克莱恩·莫雷蒂,奥黛丽·霍尔,伙伴
克莱恩·莫雷蒂,奥黛丽·霍尔,伙伴
克莱恩·莫雷蒂,科林·伊利亚特,伙伴
克莱恩·莫雷蒂,吉尔希艾斯,伙伴
克莱恩·莫雷蒂,路德维尔,伙伴
克莱恩·莫雷蒂,艾斯·斯内克,伙伴
克莱恩·莫雷蒂,让·马丹,伙伴
克莱恩·莫雷蒂,嘉德丽雅·古斯塔夫,伙伴
克莱恩·莫雷蒂,奥黛丽·霍尔,伙伴
克莱恩·莫雷蒂,爱德华兹,伙伴
克莱恩·莫雷蒂,安德森,伙伴
克莱恩·莫雷蒂,海柔尔·马赫特,伙伴
克莱恩·莫雷蒂,戴里克·伯格,伙伴
克莱恩·莫雷蒂,阿尔杰·威尔逊,伙伴
克莱恩·莫雷蒂,佛尔思·沃尔,伙伴
克莱恩·莫雷蒂,艾辛格.斯坦顿,伙伴
克莱恩·莫雷蒂,恩尤尼,伙伴
克莱恩·莫雷蒂,奥黛丽·霍尔,伙伴
克莱恩·莫雷蒂,阿蒙,伙伴
克莱恩·莫雷蒂,奥黛丽·霍尔,伙伴
克莱恩·莫雷蒂,阿尔杰·威尔逊,伙伴
克莱恩·莫雷蒂,梅丽莎,伙伴
克莱恩·莫雷蒂,班森,伙伴
克莱恩·莫雷蒂,梅丽莎,伙伴
克莱恩·莫雷蒂,班森,伙伴
克莱恩·莫雷蒂,老尼尔,伙伴
克莱恩·莫雷蒂,戴莉·西蒙尼,伙伴
克莱恩·莫雷蒂,老尼尔,伙伴
克莱恩·莫雷蒂,伦纳德·米切尔,伙伴
克莱恩·莫雷蒂,老尼尔,伙伴
克莱恩·莫雷蒂,让·马丹,伙伴
克莱恩·莫雷蒂,阿尔杰·威尔逊,伙伴
克莱恩·莫雷蒂,安提哥努斯,伙伴
克莱恩·莫雷蒂,让·马丹,伙伴
克莱恩·莫雷蒂,邓恩·史密斯,伙伴
克莱恩·莫雷蒂,梅丽莎,伙伴
克莱恩·莫雷蒂,奥黛丽·霍尔,伙伴
克莱恩·莫雷蒂,让·马丹,伙伴
克莱恩·莫雷蒂,兰尔乌斯,伙伴
克莱恩·莫雷蒂,休·迪尔查,伙伴
克莱恩·莫雷蒂,邓恩·史密斯,伙伴
克莱恩·莫雷蒂,奥黛丽·霍尔,伙伴
克莱恩·莫雷蒂,奥黛丽·霍尔,伙伴
克莱恩·莫雷蒂,戴里克·伯格,伙伴
克莱恩·莫雷蒂,让·马丹,伙伴
克莱恩·莫雷蒂,阿兹克·艾格斯,伙伴
克莱恩·莫雷蒂,让·马丹,伙伴
克莱恩·莫雷蒂,伦纳德·米切尔,伙伴
克莱恩·莫雷蒂,让·马丹,伙伴
克莱恩·莫雷蒂,梅丽莎,伙伴
克莱恩·莫雷蒂,班森,伙伴
克莱恩·莫雷蒂,赫密斯,伙伴
克莱恩·莫雷蒂,伦纳德·米切尔,伙伴
克莱恩·莫雷蒂,老尼尔,伙伴
克莱恩·莫雷蒂,老尼尔,伙伴
克莱恩·莫雷蒂,邓恩·史密斯,伙伴
克莱恩·莫雷蒂,休·迪尔查,伙伴
克莱恩·莫雷蒂,兰尔乌斯,伙伴
克莱恩·莫雷蒂,奥黛丽·霍尔,伙伴
克莱恩·莫雷蒂,兰尔乌斯,伙伴
克莱恩·莫雷蒂,让·马丹,伙伴
克莱恩·莫雷蒂,邓恩·史密斯,伙伴
克莱恩·莫雷蒂,伦纳德·米切尔,伙伴
克莱恩·莫雷蒂,赫密斯,伙伴
克莱恩·莫雷蒂,邓恩·史密斯,伙伴
克莱恩·莫雷蒂,原初魔女,伙伴
克莱恩·莫雷蒂,班森,伙伴
克莱恩·莫雷蒂,让·马丹,伙伴
克莱恩·莫雷蒂,奥黛丽·霍尔,伙伴
克莱恩·莫雷蒂,奥黛丽·霍尔,伙伴
克莱恩·莫雷蒂,苏茜,伙伴
克莱恩·莫雷蒂,让·马丹,伙伴
克莱恩·莫雷蒂,奥黛丽·霍尔,伙伴
克莱恩·莫雷蒂,佛尔思·沃尔,伙伴
克莱恩·莫雷蒂,戴里克·伯格,伙伴
克莱恩·莫雷蒂,罗萨戈,伙伴
克莱恩·莫雷蒂,奥黛丽·霍尔,伙伴
克莱恩·莫雷蒂,佛尔思·沃尔,伙伴
克莱恩·莫雷蒂,休·迪尔查,伙伴
克莱恩·莫雷蒂,罗塞尔·古斯塔夫,伙伴
克莱恩·莫雷蒂,让·马丹,伙伴
克莱恩·莫雷蒂,让·马丹,伙伴
克莱恩·莫雷蒂,乌特拉夫斯基,伙伴
克莱恩·莫雷蒂,奥黛丽·霍尔,伙伴
克莱恩·莫雷蒂,佛尔思·沃尔,伙伴
克莱恩·莫雷蒂,戴里克·伯格,伙伴
克莱恩·莫雷蒂,让·马丹,伙伴
克莱恩·莫雷蒂,乌特拉夫斯基,伙伴
克莱恩·莫雷蒂,罗塞尔·古斯塔夫,伙伴
克莱恩·莫雷蒂,莎伦,伙伴
克莱恩·莫雷蒂,阿兹克·艾格斯,伙伴
克莱恩·莫雷蒂,让·马丹,伙伴
克莱恩·莫雷蒂,卡拉曼,伙伴
克莱恩·莫雷蒂,让·马丹,伙伴
克莱恩·莫雷蒂,奥黛丽·霍尔,伙伴
克莱恩·莫雷蒂,艾辛格.斯坦顿,伙伴
克莱恩·莫雷蒂,罗塞尔·古斯塔夫,伙伴
克莱恩·莫雷蒂,阿蒙,伙伴
克莱恩·莫雷蒂,让·马丹,伙伴
克莱恩·莫雷蒂,莉莉丝,伙伴
克莱恩·莫雷蒂,让·马丹,伙伴
克莱恩·莫雷蒂,特莉丝,伙伴
克莱恩·莫雷蒂,阿兹克·艾格斯,伙伴
克莱恩·莫雷蒂,伦纳德·米切尔,伙伴
克莱恩·莫雷蒂,让·马丹,伙伴
克莱恩·莫雷蒂,达尼兹,伙伴
克莱恩·莫雷蒂,达尼兹,伙伴
克莱恩·莫雷蒂,达尼兹,伙伴
克莱恩·莫雷蒂,让·马丹,伙伴
克莱恩·莫雷蒂,达尼兹,伙伴
克莱恩·莫雷蒂,让·马丹,伙伴
克莱恩·莫雷蒂,齐林格斯,伙伴
克莱恩·莫雷蒂,达尼兹,伙伴
克莱恩·莫雷蒂,让·马丹,伙伴
克莱恩·莫雷蒂,达尼兹,伙伴
克莱恩·莫雷蒂,达尼兹,伙伴
克莱恩·莫雷蒂,让·马丹,伙伴
克莱恩·莫雷蒂,达尼兹,伙伴
克莱恩·莫雷蒂,达尼兹,伙伴
克莱恩·莫雷蒂,让·马丹,伙伴
克莱恩·莫雷蒂,莉莉丝,伙伴
克莱恩·莫雷蒂,纳斯特,伙伴
克莱恩·莫雷蒂,罗塞尔·古斯塔夫,伙伴
克莱恩·莫雷蒂,米索尔,伙伴
克莱恩·莫雷蒂,阿兹克·艾格斯,伙伴
克莱恩·莫雷蒂,嘉德丽雅·古斯塔夫,伙伴
克莱恩·莫雷蒂,达尼兹,伙伴
克莱恩·莫雷蒂,亚恩·考特曼,伙伴
克莱恩·莫雷蒂,瑞乔德,伙伴
克莱恩·莫雷蒂,让·马丹,伙伴
克莱恩·莫雷蒂,艾弥留斯,伙伴
克莱恩·莫雷蒂,让·马丹,伙伴
克莱恩·莫雷蒂,安德森,伙伴
克莱恩·莫雷蒂,安德森,伙伴
克莱恩·莫雷蒂,嘉德丽雅·古斯塔夫,伙伴
克莱恩·莫雷蒂,让·马丹,伙伴
克莱恩·莫雷蒂,阿兹克·艾格斯,伙伴
克莱恩·莫雷蒂,贝尔纳黛·古斯塔夫,伙伴
克莱恩·莫雷蒂,查拉图,伙伴
克莱恩·莫雷蒂,让·马丹,伙伴
克莱恩·莫雷蒂,艾斯·斯内克,伙伴
克莱恩·莫雷蒂,吉尔希艾斯,伙伴
克莱恩·莫雷蒂,让·马丹,伙伴
克莱恩·莫雷蒂,弗兰克·李,伙伴
克莱恩·莫雷蒂,蕾妮特·缇妮科尔,伙伴
克莱恩·莫雷蒂,让·马丹,伙伴
克莱恩·莫雷蒂,安德森,伙伴
克莱恩·莫雷蒂,所罗门,伙伴
克莱恩·莫雷蒂,达尼兹,伙伴
克莱恩·莫雷蒂,安德森,伙伴
克莱恩·莫雷蒂,休·迪尔查,伙伴
克莱恩·莫雷蒂,阿尔杰·威尔逊,伙伴
克莱恩·莫雷蒂,让·马丹,伙伴
克莱恩·莫雷蒂,安德森,伙伴
克莱恩·莫雷蒂,让·马丹,伙伴
克莱恩·莫雷蒂,安提哥努斯,伙伴
克莱恩·莫雷蒂,戴里克·伯格,伙伴
克莱恩·莫雷蒂,罗塞尔·古斯塔夫,伙伴
克莱恩·莫雷蒂,让·马丹,伙伴
克莱恩·莫雷蒂,莎伦,伙伴
克莱恩·莫雷蒂,让·马丹,伙伴
克莱恩·莫雷蒂,伦纳德·米切尔,伙伴
克莱恩·莫雷蒂,特莉丝,伙伴
克莱恩·莫雷蒂,让·马丹,伙伴
克莱恩·莫雷蒂,阿尔杰·威尔逊,伙伴
克莱恩·莫雷蒂,血之上将,伙伴
克莱恩·莫雷蒂,让·马丹,伙伴
克莱恩·莫雷蒂,阿尔杰·威尔逊,伙伴
克莱恩·莫雷蒂,阿尔杰·威尔逊,伙伴
克莱恩·莫雷蒂,阿尔杰·威尔逊,伙伴
克莱恩·莫雷蒂,弗兰克·李,伙伴
克莱恩·莫雷蒂,让·马丹,伙伴
克莱恩·莫雷蒂,让·马丹,伙伴
克莱恩·莫雷蒂,贝尔纳黛·古斯塔夫,伙伴
克莱恩·莫雷蒂,让·马丹,伙伴
克莱恩·莫雷蒂,A先生,伙伴
克莱恩·莫雷蒂,让·马丹,伙伴
克莱恩·莫雷蒂,伦纳德·米切尔,伙伴
克莱恩·莫雷蒂,伦纳德·米切尔,伙伴
克莱恩·莫雷蒂,佛尔思·沃尔,伙伴
克莱恩·莫雷蒂,休·迪尔查,伙伴
克莱恩·莫雷蒂,奥黛丽·霍尔,伙伴
克莱恩·莫雷蒂,嘉德丽雅·古斯塔夫,伙伴
克莱恩·莫雷蒂,奥黛丽·霍尔,伙伴
克莱恩·莫雷蒂,让·马丹,伙伴
克莱恩·莫雷蒂,达尼兹,伙伴
克莱恩·莫雷蒂,伦纳德·米切尔,伙伴
克莱恩·莫雷蒂,蕾妮特·缇妮科尔,伙伴
克莱恩·莫雷蒂,莎伦,伙伴
克莱恩·莫雷蒂,阿兹克·艾格斯,伙伴
克莱恩·莫雷蒂,佛尔思·沃尔,伙伴
克莱恩·莫雷蒂,休·迪尔查,伙伴
克莱恩·莫雷蒂,戴里克·伯格,伙伴
克莱恩·莫雷蒂,莎伦,伙伴
克莱恩·莫雷蒂,让·马丹,伙伴
克莱恩·莫雷蒂,阿兹克·艾格斯,伙伴
克莱恩·莫雷蒂,让·马丹,伙伴
克莱恩·莫雷蒂,路德维尔,伙伴
克莱恩·莫雷蒂,阿尔杰·威尔逊,伙伴
克莱恩·莫雷蒂,让·马丹,伙伴
克莱恩·莫雷蒂,让·马丹,伙伴
克莱恩·莫雷蒂,路德维尔,伙伴
克莱恩·莫雷蒂,达尼兹,伙伴
克莱恩·莫雷蒂,伦纳德·米切尔,伙伴
克莱恩·莫雷蒂,帕列斯·索罗亚斯德,伙伴
克莱恩·莫雷蒂,达尼兹,伙伴
克莱恩·莫雷蒂,伦纳德·米切尔,伙伴
克莱恩·莫雷蒂,班森,家人
克莱恩·莫雷蒂,梅丽莎,家人
克莱恩·莫雷蒂,梅丽莎,家人
克莱恩·莫雷蒂,梅丽莎,家人
克莱恩·莫雷蒂,梅丽莎,家人
克莱恩·莫雷蒂,梅丽莎,家人
克莱恩·莫雷蒂,被缚之神,家人
克莱恩·莫雷蒂,让·马丹,家人
克莱恩·莫雷蒂,血之上将,上级
克莱恩·莫雷蒂,戴里克·伯格,上级
克莱恩·莫雷蒂,让·马丹,上级
克莱恩·莫雷蒂,阿兹克·艾格斯,上级
克莱恩·莫雷蒂,艾弥留斯,上级
克莱恩·莫雷蒂,艾弥留斯,上级
克莱恩·莫雷蒂,让·马丹,上级
克莱恩·莫雷蒂,艾弥留斯,上级
克莱恩·莫雷蒂,邓恩·史密斯,上级
克莱恩·莫雷蒂,血之上将,上级
克莱恩·莫雷蒂,让·马丹,上级
克莱恩·莫雷蒂,邓恩·史密斯,上级
克莱恩·莫雷蒂,邓恩·史密斯,上级
克莱恩·莫雷蒂,邓恩·史密斯,上级
克莱恩·莫雷蒂,让·马丹,上级
克莱恩·莫雷蒂,让·马丹,上级
克莱恩·莫雷蒂,邓恩·史密斯,上级
克莱恩·莫雷蒂,伦纳德·米切尔,上级
克莱恩·莫雷蒂,兰尔乌斯,上级
克莱恩·莫雷蒂,伦纳德·米切尔,上级
克莱恩·莫雷蒂,邓恩·史密斯,上级
克莱恩·莫雷蒂,血之上将,上级
克莱恩·莫雷蒂,邓恩·史密斯,上级
克莱恩·莫雷蒂,让·马丹,上级
克莱恩·莫雷蒂,赫密斯,上级
克莱恩·莫雷蒂,让·马丹,上级
克莱恩·莫雷蒂,伦纳德·米切尔,上级
克莱恩·莫雷蒂,戴莉·西蒙尼,上级
克莱恩·莫雷蒂,让·马丹,上级
克莱恩·莫雷蒂,罗塞尔·古斯塔夫,上级
克莱恩·莫雷蒂,休·迪尔查,上级
克莱恩·莫雷蒂,A先生,上级
克莱恩·莫雷蒂,达尼兹,上级
克莱恩·莫雷蒂,让·马丹,上级
克莱恩·莫雷蒂,让·马丹,上级
克莱恩·莫雷蒂,让·马丹,上级
克莱恩·莫雷蒂,嘉德丽雅·古斯塔夫,学生
克莱恩·莫雷蒂,邓恩·史密斯,学生
克莱恩·莫雷蒂,隐匿贤者,学生
克莱恩·莫雷蒂,佛尔思·沃尔,学生
克莱恩·莫雷蒂,老尼尔,学生
克斯玛,布提斯,伙伴
兰尔乌斯,安提哥努斯,敌对
兰尔乌斯,克莱恩·莫雷蒂,敌对
兰尔乌斯,让·马丹,伙伴
兰尔乌斯,克莱恩·莫雷蒂,伙伴
兰尔乌斯,邓恩·史密斯,伙伴
兰尔乌斯,克莱恩·莫雷蒂,伙伴
兰尔乌斯,克莱恩·莫雷蒂,伙伴
兰尔乌斯,克莱恩·莫雷蒂,伙伴
兰尔乌斯,克莱恩·莫雷蒂,伙伴
兰尔乌斯,让·马丹,伙伴
兰尔乌斯,克莱恩·莫雷蒂,上级
兰尔乌斯,克莱恩·莫雷蒂,上级
兰尔乌斯,邓恩·史密斯,上级
老尼尔,克莱恩·莫雷蒂,伙伴
老尼尔,让·马丹,伙伴
老尼尔,克莱恩·莫雷蒂,伙伴
老尼尔,邓恩·史密斯,伙伴
老尼尔,克莱恩·莫雷蒂,伙伴
老尼尔,克莱恩·莫雷蒂,伙伴
老尼尔,克莱恩·莫雷蒂,伙伴
老尼尔,克莱恩·莫雷蒂,伙伴
老尼尔,克莱恩·莫雷蒂,伙伴
老尼尔,克莱恩·莫雷蒂,老师
老尼尔,邓恩·史密斯,上级
老尼尔,邓恩·史密斯,上级
蕾妮特·缇妮科尔,伦纳德·米切尔,伙伴
蕾妮特·缇妮科尔,克莱恩·莫雷蒂,伙伴
蕾妮特·缇妮科尔,克莱恩·莫雷蒂,伙伴
蕾妮特·缇妮科尔,克莱恩·莫雷蒂,伙伴
蕾妮特·缇妮科尔,克莱恩·莫雷蒂,伙伴
蕾妮特·缇妮科尔,弗兰克·李,伙伴
蕾妮特·缇妮科尔,安德森,伙伴
蕾妮特·缇妮科尔,让·马丹,伙伴
蕾妮特·缇妮科尔,伦纳德·米切尔,伙伴
蕾妮特·缇妮科尔,克莱恩·莫雷蒂,伙伴
蕾妮特·缇妮科尔,克莱恩·莫雷蒂,伙伴
蕾妮特·缇妮科尔,让·马丹,伙伴
蕾妮特·缇妮科尔,安德森,伙伴
蕾妮特·缇妮科尔,克莱恩·莫雷蒂,伙伴
蕾妮特·缇妮科尔,伦纳德·米切尔,伙伴
蕾妮特·缇妮科尔,戴莉·西蒙尼,伙伴
蕾妮特·缇妮科尔,莎伦,老师
莉莉丝,克莱恩·莫雷蒂,伙伴
莉莉丝,让·马丹,伙伴
莉莉丝,克莱恩·莫雷蒂,伙伴
路德维尔,梅迪奇·索伦·埃因霍恩,敌对
路德维尔,梅迪奇·索伦·埃因霍恩,敌对
路德维尔,阿兹克·艾格斯,敌对
路德维尔,戴莉·西蒙尼,敌对
路德维尔,克莱恩·莫雷蒂,伙伴
路德维尔,克莱恩·莫雷蒂,伙伴
路德维尔,阿尔杰·威尔逊,伙伴
路德维尔,克莱恩·莫雷蒂,伙伴
路德维尔,让·马丹,伙伴
路德维尔,克莱恩·莫雷蒂,伙伴
伦纳德·米切尔,阿蒙,敌对
伦纳德·米切尔,帕列斯·索罗亚斯德,敌对
伦纳德·米切尔,阿蒙,敌对
伦纳德·米切尔,克莱恩·莫雷蒂,敌对
伦纳德·米切尔,阿蒙,敌对
伦纳德·米切尔,戴莉·西蒙尼,敌对
伦纳德·米切尔,蕾妮特·缇妮科尔,伙伴
伦纳德·米切尔,戴莉·西蒙尼,伙伴
伦纳德·米切尔,克莱恩·莫雷蒂,伙伴
伦纳德·米切尔,克莱恩·莫雷蒂,伙伴
伦纳德·米切尔,休·迪尔查,伙伴
伦纳德·米切尔,蕾妮特·缇妮科尔,伙伴
伦纳德·米切尔,克莱恩·莫雷蒂,伙伴
伦纳德·米切尔,克莱恩·莫雷蒂,伙伴
伦纳德·米切尔,阿蒙,伙伴
伦纳德·米切尔,阿蒙,伙伴
伦纳德·米切尔,戴莉·西蒙尼,伙伴
伦纳德·米切尔,克莱恩·莫雷蒂,伙伴
伦纳德·米切尔,克莱恩·莫雷蒂,伙伴
伦纳德·米切尔,克莱恩·莫雷蒂,伙伴
伦纳德·米切尔,克莱恩·莫雷蒂,伙伴
伦纳德·米切尔,让·马丹,伙伴
伦纳德·米切尔,让·马丹,伙伴
伦纳德·米切尔,休·迪尔查,伙伴
伦纳德·米切尔,克莱恩·莫雷蒂,伙伴
伦纳德·米切尔,让·马丹,伙伴
伦纳德·米切尔,克莱恩·莫雷蒂,伙伴
伦纳德·米切尔,克莱恩·莫雷蒂,伙伴
伦纳德·米切尔,克莱恩·莫雷蒂,伙伴
伦纳德·米切尔,克莱恩·莫雷蒂,伙伴
伦纳德·米切尔,克莱恩·莫雷蒂,伙伴
伦纳德·米切尔,克莱恩·莫雷蒂,伙伴
伦纳德·米切尔,克莱恩·莫雷蒂,伙伴
伦纳德·米切尔,帕列斯·索罗亚斯德,伙伴
伦纳德·米切尔,戴莉·西蒙尼,伙伴
伦纳德·米切尔,蕾妮特·缇妮科尔,伙伴
伦纳德·米切尔,让·马丹,伙伴
伦纳德·米切尔,克莱恩·莫雷蒂,伙伴
伦纳德·米切尔,休·迪尔查,伙伴
伦纳德·米切尔,克莱恩·莫雷蒂,家人
伦纳德·米切尔,克莱恩·莫雷蒂,家人
伦纳德·米切尔,克莱恩·莫雷蒂,上级
伦纳德·米切尔,克莱恩·莫雷蒂,上级
伦纳德·米切尔,帕列斯·索罗亚斯德,上级
伦纳德·米切尔,克莱恩·莫雷蒂,上级
伦纳德·米切尔,克莱恩·莫雷蒂,学生
罗萨戈,克莱恩·莫雷蒂,伙伴
罗萨戈,奥黛丽·霍尔,伙伴
罗萨戈,克莱恩·莫雷蒂,伙伴
罗塞尔·古斯塔夫,蒸汽与机械之神,敌对
罗塞尔·古斯塔夫,克莱恩·莫雷蒂,伙伴
罗塞尔·古斯塔夫,佛尔思·沃尔,伙伴
罗塞尔·古斯塔夫,阿尔杰·威尔逊,伙伴
罗塞尔·古斯塔夫,克莱恩·莫雷蒂,伙伴
罗塞尔·古斯塔夫,奥黛丽·霍尔,伙伴
罗塞尔·古斯塔夫,克莱恩·莫雷蒂,伙伴
罗塞尔·古斯塔夫,克莱恩·莫雷蒂,伙伴
罗塞尔·古斯塔夫,克莱恩·莫雷蒂,伙伴
罗塞尔·古斯塔夫,贝尔纳黛·古斯塔夫,伙伴
罗塞尔·古斯塔夫,让·马丹,伙伴
罗塞尔·古斯塔夫,克莱恩·莫雷蒂,伙伴
罗塞尔·古斯塔夫,嘉德丽雅·古斯塔夫,家人
罗塞尔·古斯塔夫,贝尔纳黛·古斯塔夫,家人
罗塞尔·古斯塔夫,嘉德丽雅·古斯塔夫,家人
罗塞尔·古斯塔夫,贝尔纳黛·古斯塔夫,家人
罗塞尔·古斯塔夫,嘉德丽雅·古斯塔夫,家人
罗塞尔·古斯塔夫,贝尔纳黛·古斯塔夫,家人
罗塞尔·古斯塔夫,博诺瓦·古斯塔夫,家人
罗塞尔·古斯塔夫,佛尔思·沃尔,上级
罗塞尔·古斯塔夫,让·马丹,上级
罗塞尔·古斯塔夫,安德森,上级
罗塞尔·古斯塔夫,克莱恩·莫雷蒂,上级
罗塞尔·古斯塔夫,奥黛丽·霍尔,学生
洛薇雅,科林·伊利亚特,伙伴
洛薇雅,克莱恩·莫雷蒂,伙伴
洛薇雅,戴里克·伯格,伙伴
洛薇雅,让·马丹,伙伴
洛薇雅,奥黛丽·霍尔,家人
洛薇雅,戴里克·伯格,上级
洛薇雅,科林·伊利亚特,上级
麦哈姆斯,克莱恩·莫雷蒂,伙伴
梅迪奇·索伦·埃因霍恩,路德维尔,敌对
梅迪奇·索伦·埃因霍恩,路德维尔,敌对
梅迪奇·索伦·埃因霍恩,克莱恩·莫雷蒂,伙伴
梅迪奇·索伦·埃因霍恩,乌洛琉斯,伙伴
梅迪奇·索伦·埃因霍恩,乌洛琉斯,伙伴
梅丽莎,克莱恩·莫雷蒂,敌对
梅丽莎,班森,伙伴
梅丽莎,班森,伙伴
梅丽莎,班森,伙伴
梅丽莎,克莱恩·莫雷蒂,伙伴
梅丽莎,克莱恩·莫雷蒂,伙伴
梅丽莎,班森,伙伴
梅丽莎,班森,伙伴
梅丽莎,克莱恩·莫雷蒂,伙伴
梅丽莎,班森,伙伴
梅丽莎,克莱恩·莫雷蒂,伙伴
梅丽莎,克莱恩·莫雷蒂,伙伴
梅丽莎,让·马丹,伙伴
梅丽莎,班森,伙伴
梅丽莎,克莱恩·莫雷蒂,伙伴
梅丽莎,让·马丹,伙伴
梅丽莎,克莱恩·莫雷蒂,家人
梅丽莎,克莱恩·莫雷蒂,家人
梅丽莎,班森,家人
梅丽莎,休·迪尔查,家人
米索尔,克莱恩·莫雷蒂,伙伴
纳斯特,阿蒙,敌对
纳斯特,克莱恩·莫雷蒂,伙伴
纳斯特,达尼兹,伙伴
帕列斯·索罗亚斯德,阿蒙,敌对
帕列斯·索罗亚斯德,伦纳德·米切尔,敌对
帕列斯·索罗亚斯德,伦纳德·米切尔,伙伴
帕列斯·索罗亚斯德,伦纳德·米切尔,伙伴
帕列斯·索罗亚斯德,伦纳德·米切尔,伙伴
帕列斯·索罗亚斯德,克莱恩·莫雷蒂,伙伴
帕列斯·索罗亚斯德,伦纳德·米切尔,上级
帕特里克·布雷恩,克莱恩·莫雷蒂,伙伴
齐林格斯,阿兹克·艾格斯,敌对
齐林格斯,休·迪尔查,伙伴
齐林格斯,休·迪尔查,伙伴
齐林格斯,克莱恩·莫雷蒂,伙伴
齐林格斯,阿兹克·艾格斯,伙伴
让·马丹,克莱恩·莫雷蒂,爱慕
让·马丹,卡拉曼,敌对
让·马丹,齐林格斯,敌对
让·马丹,阿蒙,敌对
让·马丹,罗塞尔·古斯塔夫,敌对
让·马丹,克莱恩·莫雷蒂,敌对
让·马丹,弗兰克·李,敌对
让·马丹,阿蒙,敌对
让·马丹,安德森,敌对
让·马丹,克莱恩·莫雷蒂,敌对
让·马丹,克莱恩·莫雷蒂,敌对
让·马丹,阿蒙,敌对
让·马丹,克莱恩·莫雷蒂,敌对
让·马丹,克莱恩·莫雷蒂,敌对
让·马丹,阿兹克·艾格斯,伙伴
让·马丹,奥黛丽·霍尔,伙伴
让·马丹,伦纳德·米切尔,伙伴
让·马丹,莎伦,伙伴
让·马丹,克莱恩·莫雷蒂,伙伴
让·马丹,休·迪尔查,伙伴
让·马丹,奥黛丽·霍尔,伙伴
让·马丹,邓恩·史密斯,伙伴
让·马丹,克莱恩·莫雷蒂,伙伴
让·马丹,克莱恩·莫雷蒂,伙伴
让·马丹,阿尔杰·威尔逊,伙伴
让·马丹,吉尔希艾斯,伙伴
让·马丹,克莱恩·莫雷蒂,伙伴
让·马丹,达尼兹,伙伴
让·马丹,蕾妮特·缇妮科尔,伙伴
让·马丹,克莱恩·莫雷蒂,伙伴
让·马丹,克莱恩·莫雷蒂,伙伴
让·马丹,克莱恩·莫雷蒂,伙伴
让·马丹,老尼尔,伙伴
让·马丹,邓恩·史密斯,伙伴
让·马丹,班森,伙伴
让·马丹,克莱恩·莫雷蒂,伙伴
让·马丹,克莱恩·莫雷蒂,伙伴
让·马丹,克莱恩·莫雷蒂,伙伴
让·马丹,艾斯·斯内克,伙伴
让·马丹,克莱恩·莫雷蒂,伙伴
让·马丹,克莱恩·莫雷蒂,伙伴
让·马丹,安德森,伙伴
让·马丹,克莱恩·莫雷蒂,伙伴
让·马丹,恩尤尼,伙伴
让·马丹,克莱恩·莫雷蒂,伙伴
让·马丹,奥黛丽·霍尔,伙伴
让·马丹,伦纳德·米切尔,伙伴
让·马丹,克莱恩·莫雷蒂,伙伴
让·马丹,克莱恩·莫雷蒂,伙伴
让·马丹,克莱恩·莫雷蒂,伙伴
让·马丹,阿尔杰·威尔逊,伙伴
让·马丹,克莱恩·莫雷蒂,伙伴
让·马丹,奥黛丽·霍尔,伙伴
让·马丹,克莱恩·莫雷蒂,伙伴
让·马丹,克莱恩·莫雷蒂,伙伴
让·马丹,奥黛丽·霍尔,伙伴
让·马丹,佛尔思·沃尔,伙伴
让·马丹,奥黛丽·霍尔,伙伴
让·马丹,克莱恩·莫雷蒂,伙伴
让·马丹,伦纳德·米切尔,伙伴
让·马丹,克莱恩·莫雷蒂,伙伴
让·马丹,安提哥努斯,伙伴
让·马丹,克莱恩·莫雷蒂,伙伴
让·马丹,奥黛丽·霍尔,伙伴
让·马丹,梅丽莎,伙伴
让·马丹,伦纳德·米切尔,伙伴
让·马丹,休·迪尔查,伙伴
让·马丹,克莱恩·莫雷蒂,伙伴
让·马丹,克莱恩·莫雷蒂,伙伴
让·马丹,伦纳德·米切尔,伙伴
让·马丹,克莱恩·莫雷蒂,伙伴
让·马丹,戴莉·西蒙尼,伙伴
让·马丹,克莱恩·莫雷蒂,伙伴
让·马丹,兰尔乌斯,伙伴
让·马丹,奥黛丽·霍尔,伙伴
让·马丹,梅丽莎,伙伴
让·马丹,班森,伙伴
让·马丹,阿兹克·艾格斯,伙伴
让·马丹,克莱恩·莫雷蒂,伙伴
让·马丹,奥黛丽·霍尔,伙伴
让·马丹,克莱恩·莫雷蒂,伙伴
让·马丹,休·迪尔查,伙伴
让·马丹,克莱恩·莫雷蒂,伙伴
让·马丹,克莱恩·莫雷蒂,伙伴
让·马丹,戴里克·伯格,伙伴
让·马丹,克莱恩·莫雷蒂,伙伴
让·马丹,奥黛丽·霍尔,伙伴
让·马丹,阿兹克·艾格斯,伙伴
让·马丹,克莱恩·莫雷蒂,伙伴
让·马丹,克莱恩·莫雷蒂,伙伴
让·马丹,佛尔思·沃尔,伙伴
让·马丹,奥黛丽·霍尔,伙伴
让·马丹,克莱恩·莫雷蒂,伙伴
让·马丹,莉莉丝,伙伴
让·马丹,阿兹克·艾格斯,伙伴
让·马丹,克莱恩·莫雷蒂,伙伴
让·马丹,克莱恩·莫雷蒂,伙伴
让·马丹,克莱恩·莫雷蒂,伙伴
让·马丹,克莱恩·莫雷蒂,伙伴
让·马丹,达尼兹,伙伴
让·马丹,佛尔思·沃尔,伙伴
让·马丹,克莱恩·莫雷蒂,伙伴
让·马丹,克莱恩·莫雷蒂,伙伴
让·马丹,阿尔杰·威尔逊,伙伴
让·马丹,克莱恩·莫雷蒂,伙伴
让·马丹,瑞乔德,伙伴
让·马丹,休·迪尔查,伙伴
让·马丹,克莱恩·莫雷蒂,伙伴
让·马丹,安德森,伙伴
让·马丹,戴里克·伯格,伙伴
让·马丹,克莱恩·莫雷蒂,伙伴
让·马丹,克莱恩·莫雷蒂,伙伴
让·马丹,佛尔思·沃尔,伙伴
让·马丹,艾斯·斯内克,伙伴
让·马丹,吉尔希艾斯,伙伴
让·马丹,不死之王,伙伴
让·马丹,吉尔希艾斯,伙伴
让·马丹,克莱恩·莫雷蒂,伙伴
让·马丹,蕾妮特·缇妮科尔,伙伴
让·马丹,安德森,伙伴
让·马丹,罗塞尔·古斯塔夫,伙伴
让·马丹,阿尔杰·威尔逊,伙伴
让·马丹,克莱恩·莫雷蒂,伙伴
让·马丹,克莱恩·莫雷蒂,伙伴
让·马丹,克莱恩·莫雷蒂,伙伴
让·马丹,达尼兹,伙伴
让·马丹,克莱恩·莫雷蒂,伙伴
让·马丹,克莱恩·莫雷蒂,伙伴
让·马丹,特莉丝,伙伴
让·马丹,血之上将,伙伴
让·马丹,克莱恩·莫雷蒂,伙伴
让·马丹,克莱恩·莫雷蒂,伙伴
让·马丹,克莱恩·莫雷蒂,伙伴
让·马丹,克莱恩·莫雷蒂,伙伴
让·马丹,A先生,伙伴
让·马丹,克莱恩·莫雷蒂,伙伴
让·马丹,查拉图,伙伴
让·马丹,克莱恩·莫雷蒂,伙伴
让·马丹,洛薇雅,伙伴
让·马丹,克莱恩·莫雷蒂,伙伴
让·马丹,阿兹克·艾格斯,伙伴
让·马丹,克莱恩·莫雷蒂,伙伴
让·马丹,阿兹克·艾格斯,伙伴
让·马丹,路德维尔,伙伴
让·马丹,阿尔杰·威尔逊,伙伴
让·马丹,克莱恩·莫雷蒂,伙伴
让·马丹,克莱恩·莫雷蒂,伙伴
让·马丹,伦纳德·米切尔,伙伴
让·马丹,嘉德丽雅·古斯塔夫,家人
让·马丹,贝尔纳黛·古斯塔夫,家人
让·马丹,梅丽莎,家人
让·马丹,克莱恩·莫雷蒂,家人
让·马丹,克莱恩·莫雷蒂,上级
让·马丹,克莱恩·莫雷蒂,上级
让·马丹,克莱恩·莫雷蒂,上级
让·马丹,克莱恩·莫雷蒂,上级
让·马丹,阿尔杰·威尔逊,上级
让·马丹,血之上将,上级
让·马丹,克莱恩·莫雷蒂,上级
让·马丹,罗塞尔·古斯塔夫,上级
让·马丹,邓恩·史密斯,上级
让·马丹,克莱恩·莫雷蒂,上级
让·马丹,兰尔乌斯,上级
让·马丹,克莱恩·莫雷蒂,上级
让·马丹,克莱恩·莫雷蒂,上级
让·马丹,克莱恩·莫雷蒂,上级
让·马丹,克莱恩·莫雷蒂,上级
让·马丹,克莱恩·莫雷蒂,上级
让·马丹,克莱恩·莫雷蒂,上级
让·马丹,克莱恩·莫雷蒂,上级
让·马丹,克莱恩·莫雷蒂,上级
让·马丹,克莱恩·莫雷蒂,上级
让·马丹,克莱恩·莫雷蒂,上级
让·马丹,克莱恩·莫雷蒂,上级
让·马丹,克莱恩·莫雷蒂,上级
让·马丹,克莱恩·莫雷蒂,上级
让·马丹,克莱恩·莫雷蒂,上级
瑞乔德,克莱恩·莫雷蒂,伙伴
瑞乔德,让·马丹,伙伴
萨林格尔·艾格斯,阿兹克·艾格斯,家人
萨斯利尔,克莱恩·莫雷蒂,伙伴
萨斯利尔,原初魔女,家人
莎伦,克莱恩·莫雷蒂,伙伴
莎伦,卡拉曼,伙伴
莎伦,让·马丹,伙伴
莎伦,克莱恩·莫雷蒂,伙伴
莎伦,克莱恩·莫雷蒂,伙伴
莎伦,克莱恩·莫雷蒂,伙伴
莎伦,克莱恩·莫雷蒂,伙伴
莎伦,克莱恩·莫雷蒂,伙伴
莎伦,克莱恩·莫雷蒂,伙伴
莎伦,戴里克·伯格,伙伴
莎伦,克莱恩·莫雷蒂,伙伴
莎伦,蕾妮特·缇妮科尔,老师
斯厄阿,被缚之神,家人
苏茜,休·迪尔查,伙伴
苏茜,佛尔思·沃尔,伙伴
苏茜,奥黛丽·霍尔,伙伴
苏茜,奥黛丽·霍尔,伙伴
苏茜,奥黛丽·霍尔,伙伴
苏茜,奥黛丽·霍尔,伙伴
苏茜,克莱恩·莫雷蒂,伙伴
苏茜,奥黛丽·霍尔,伙伴
苏茜,奥黛丽·霍尔,伙伴
苏茜,奥黛丽·霍尔,学生
所罗门,克莱恩·莫雷蒂,伙伴
特莉丝,克莱恩·莫雷蒂,伙伴
特莉丝,克莱恩·莫雷蒂,伙伴
特莉丝,让·马丹,伙伴
特莉丝,海柔尔·马赫特,伙伴
特伦索斯特,阿蒙,敌对
特伦索斯特,克莱恩·莫雷蒂,伙伴
乌洛琉斯,克莱恩·莫雷蒂,敌对
乌洛琉斯,阿蒙,敌对
乌洛琉斯,原初魔女,敌对
乌洛琉斯,梅迪奇·索伦·埃因霍恩,伙伴
乌洛琉斯,梅迪奇·索伦·埃因霍恩,伙伴
乌特拉夫斯基,克莱恩·莫雷蒂,伙伴
乌特拉夫斯基,让·马丹,伙伴
乌特拉夫斯基,克莱恩·莫雷蒂,伙伴
夏尔,阿尔杰·威尔逊,伙伴
夏尔,阿尔杰·威尔逊,伙伴
夏尔,阿尔杰·威尔逊,伙伴
休·迪尔查,奥黛丽·霍尔,爱慕
休·迪尔查,佛尔思·沃尔,敌对
休·迪尔查,克莱恩·莫雷蒂,敌对
休·迪尔查,佛尔思·沃尔,敌对
休·迪尔查,克莱恩·莫雷蒂,敌对
休·迪尔查,佛尔思·沃尔,伙伴
休·迪尔查,佛尔思·沃尔,伙伴
休·迪尔查,齐林格斯,伙伴
休·迪尔查,佛尔思·沃尔,伙伴
休·迪尔查,奥黛丽·霍尔,伙伴
休·迪尔查,佛尔思·沃尔,伙伴
休·迪尔查,克莱恩·莫雷蒂,伙伴
休·迪尔查,佛尔思·沃尔,伙伴
休·迪尔查,佛尔思·沃尔,伙伴
休·迪尔查,雪曼,伙伴
休·迪尔查,让·马丹,伙伴
休·迪尔查,佛尔思·沃尔,伙伴
休·迪尔查,佛尔思·沃尔,伙伴
休·迪尔查,佛尔思·沃尔,伙伴
休·迪尔查,克莱恩·莫雷蒂,伙伴
休·迪尔查,克莱恩·莫雷蒂,伙伴
休·迪尔查,佛尔思·沃尔,伙伴
休·迪尔查,佛尔思·沃尔,伙伴
休·迪尔查,邓恩·史密斯,伙伴
休·迪尔查,伦纳德·米切尔,伙伴
休·迪尔查,克莱恩·莫雷蒂,伙伴
休·迪尔查,让·马丹,伙伴
休·迪尔查,克莱恩·莫雷蒂,伙伴
休·迪尔查,奥黛丽·霍尔,伙伴
休·迪尔查,佛尔思·沃尔,伙伴
休·迪尔查,齐林格斯,伙伴
休·迪尔查,佛尔思·沃尔,伙伴
休·迪尔查,A先生,伙伴
休·迪尔查,奥黛丽·霍尔,伙伴
休·迪尔查,佛尔思·沃尔,伙伴
休·迪尔查,让·马丹,伙伴
休·迪尔查,A先生,伙伴
休·迪尔查,奥黛丽·霍尔,伙伴
休·迪尔查,佛尔思·沃尔,伙伴
休·迪尔查,奥黛丽·霍尔,伙伴
休·迪尔查,克莱恩·莫雷蒂,伙伴
休·迪尔查,佛尔思·沃尔,伙伴
休·迪尔查,佛尔思·沃尔,伙伴
休·迪尔查,奥黛丽·霍尔,伙伴
休·迪尔查,佛尔思·沃尔,伙伴
休·迪尔查,佛尔思·沃尔,伙伴
休·迪尔查,科林·伊利亚特,伙伴
休·迪尔查,戴里克·伯格,伙伴
休·迪尔查,让·马丹,伙伴
休·迪尔查,克莱恩·莫雷蒂,伙伴
休·迪尔查,达尼兹,伙伴
休·迪尔查,安德森,伙伴
休·迪尔查,克莱恩·莫雷蒂,伙伴
休·迪尔查,佛尔思·沃尔,伙伴
休·迪尔查,佛尔思·沃尔,伙伴
休·迪尔查,佛尔思·沃尔,伙伴
休·迪尔查,佛尔思·沃尔,伙伴
休·迪尔查,佛尔思·沃尔,伙伴
休·迪尔查,佛尔思·沃尔,伙伴
休·迪尔查,佛尔思·沃尔,伙伴
休·迪尔查,梅丽莎,家人
休·迪尔查,佛尔思·沃尔,家人
休·迪尔查,佛尔思·沃尔,上级
休·迪尔查,佛尔思·沃尔,上级
休·迪尔查,艾辛格.斯坦顿,上级
休·迪尔查,克莱恩·莫雷蒂,上级
休·迪尔查,佛尔思·沃尔,上级
休·迪尔查,伦纳德·米切尔,下级
休·迪尔查,邓恩·史密斯,下级
雪曼,克莱恩·莫雷蒂,敌对
雪曼,佛尔思·沃尔,伙伴
雪曼,休·迪尔查,伙伴
血之上将,亚恩·考特曼,敌对
血之上将,克莱恩·莫雷蒂,敌对
血之上将,让·马丹,伙伴
血之上将,克莱恩·莫雷蒂,伙伴
血之上将,嘉德丽雅·古斯塔夫,伙伴
血之上将,克莱恩·莫雷蒂,伙伴
血之上将,让·马丹,伙伴
血之上将,克莱恩·莫雷蒂,上级
血之上将,克莱恩·莫雷蒂,上级
血之上将,让·马丹,上级
亚当,阿蒙,敌对
亚当,安提哥努斯,伙伴
亚当,佛尔思·沃尔,伙伴
亚当,休·迪尔查,伙伴
亚当,克莱恩·莫雷蒂,伙伴
亚当,阿蒙,伙伴
亚当,克莱恩·莫雷蒂,伙伴
亚恩·考特曼,血之上将,敌对
亚恩·考特曼,让·马丹,伙伴
亚恩·考特曼,达尼兹,伙伴
亚恩·考特曼,克莱恩·莫雷蒂,伙伴
隐匿贤者,所罗门,敌对
隐匿贤者,克莱恩·莫雷蒂,伙伴
隐匿贤者,让·马丹,上级
隐匿贤者,嘉德丽雅·古斯塔夫,学生
宇宙暗面,让·马丹,上级
原初魔女,克莱恩·莫雷蒂,敌对
原初魔女,阿蒙,敌对
原初魔女,乌洛琉斯,敌对
原初魔女,邓恩·史密斯,伙伴
原初魔女,克莱恩·莫雷蒂,伙伴
原初魔女,萨斯利尔,伙伴
原初魔女,让·马丹,上级
蒸汽与机械之神,佛尔思·沃尔,学生
